INFO:IP-SML,GeneticAlgorithm,1:GPOL,1,0,0,3,tensor(0.3418),tensor(0.3520, dtype=torch.float64)
INFO:IP-SML,GeneticAlgorithm,1:GPOL,1,1,0.21685123443603516,1,tensor(0.2349),tensor(0.2438, dtype=torch.float64)
INFO:IP-SML,GeneticAlgorithm,1:GPOL,1,2,0.2368917465209961,7,tensor(0.1649),tensor(0.1758, dtype=torch.float64)
INFO:IP-SML,GeneticAlgorithm,1:GPOL,1,3,0.2368941307067871,3,tensor(0.1639),tensor(0.1728, dtype=torch.float64)
INFO:IP-SML,GeneticAlgorithm,1:GPOL,1,4,0.21962475776672363,3,tensor(0.1639),tensor(0.1728, dtype=torch.float64)
INFO:IP-SML,GeneticAlgorithm,1:GPOL,1,5,0.20476031303405762,3,tensor(0.1639),tensor(0.1728, dtype=torch.float64)
INFO:IP-SML,GeneticAlgorithm,1:GPOL,1,6,0.2140340805053711,7,tensor(0.1536),tensor(0.1646, dtype=torch.float64)
INFO:IP-SML,GeneticAlgorithm,1:GPOL,1,7,0.31714630126953125,3,tensor(0.3418),tensor(0.3520, dtype=torch.float64)
INFO:IP-SML,GeneticAlgorithm,1:GPOL,1,8,0.3102133274078369,1,tensor(0.3096),tensor(0.3128, dtype=torch.float64)
INFO:IP-SML,GeneticAlgorithm,1:GPOL,1,9,0.22196722030639648,1,tensor(0.3096),tensor(0.3128, dtype=torch.float64)
INFO:IP-SML,GeneticAlgorithm,1:GPOL,1,10,0.25429677963256836,1,tensor(0.1857),tensor(0.1931, dtype=torch.float64)
INFO:IP-SML,GeneticAlgorithm,1:GPOL,1,11,0.28162097930908203,1,tensor(0.1857),tensor(0.1931, dtype=torch.float64)
INFO:IP-SML,GeneticAlgorithm,1:GPOL,1,12,0.28118395805358887,1,tensor(0.3285),tensor(0.3313, dtype=torch.float64)
INFO:IP-SML,GeneticAlgorithm,1:GPOL,1,13,0.20195937156677246,1,tensor(0.3285),tensor(0.3313, dtype=torch.float64)
INFO:IP-SML,GeneticAlgorithm,1:GPOL,1,14,0.21422457695007324,1,tensor(0.1797),tensor(0.1875, dtype=torch.float64)
INFO:IP-SML,GeneticAlgorithm,1:GPOL,1,15,0.21316909790039062,3,tensor(0.3418),tensor(0.3520, dtype=torch.float64)
INFO:IP-SML,GeneticAlgorithm,1:GPOL,1,16,0.22887730598449707,1,tensor(0.4171),tensor(0.4188, dtype=torch.float64)
INFO:IP-SML,GeneticAlgorithm,1:GPOL,1,17,0.22235894203186035,5,tensor(0.6447),tensor(0.5584, dtype=torch.float64)
INFO:IP-SML,GeneticAlgorithm,1:GPOL,1,18,0.20969367027282715,1,tensor(0.7101),tensor(0.6242, dtype=torch.float64)
INFO:IP-SML,GeneticAlgorithm,1:GPOL,1,19,0.2723114490509033,1,tensor(0.1497),tensor(0.1602, dtype=torch.float64)
INFO:IP-SML,GeneticAlgorithm,1:GPOL,1,20,0.2674565315246582,1,tensor(0.1857),tensor(0.1931, dtype=torch.float64)
INFO:IP-SML,GeneticAlgorithm,1:GPOL,1,21,0.2618691921234131,1,tensor(0.1857),tensor(0.1931, dtype=torch.float64)
INFO:IP-SML,GeneticAlgorithm,1:GPOL,1,22,0.19005274772644043,1,tensor(0.1857),tensor(0.1931, dtype=torch.float64)
INFO:IP-SML,GeneticAlgorithm,1:GPOL,1,23,0.2124342918395996,1,tensor(0.1857),tensor(0.1931, dtype=torch.float64)
INFO:IP-SML,GeneticAlgorithm,1:GPOL,1,24,0.21645331382751465,3,tensor(0.4836),tensor(0.4846, dtype=torch.float64)
INFO:IP-SML,GeneticAlgorithm,1:GPOL,1,25,0.19876480102539062,1,tensor(0.1857),tensor(0.1931, dtype=torch.float64)
INFO:IP-SML,GeneticAlgorithm,1:GPOL,1,0,0,3,tensor(0.3201),tensor(0.5004, dtype=torch.float64)
INFO:IP-SML,GeneticAlgorithm,1:GPOL,1,1,0.22399306297302246,3,tensor(0.3201),tensor(0.5004, dtype=torch.float64)
INFO:IP-SML,GeneticAlgorithm,1:GPOL,1,2,0.26712846755981445,1,tensor(0.1662),tensor(0.1794, dtype=torch.float64)
INFO:IP-SML,GeneticAlgorithm,1:GPOL,1,3,0.19858956336975098,1,tensor(0.1662),tensor(0.1794, dtype=torch.float64)
INFO:IP-SML,GeneticAlgorithm,1:GPOL,1,4,0.20596623420715332,3,tensor(0.3201),tensor(0.5004, dtype=torch.float64)
INFO:IP-SML,GeneticAlgorithm,1:GPOL,1,5,0.21053481101989746,3,tensor(0.3201),tensor(0.5004, dtype=torch.float64)
INFO:IP-SML,GeneticAlgorithm,1:GPOL,1,6,0.2677328586578369,7,tensor(0.3201),tensor(0.5004, dtype=torch.float64)
INFO:IP-SML,GeneticAlgorithm,1:GPOL,1,7,0.23018479347229004,5,tensor(0.1509),tensor(0.1622, dtype=torch.float64)
INFO:IP-SML,GeneticAlgorithm,1:GPOL,1,8,0.22835969924926758,7,tensor(0.1559),tensor(0.1682, dtype=torch.float64)
INFO:IP-SML,GeneticAlgorithm,1:GPOL,1,9,0.2199416160583496,3,tensor(0.3201),tensor(0.5004, dtype=torch.float64)
INFO:IP-SML,GeneticAlgorithm,1:GPOL,1,10,0.20242786407470703,3,tensor(0.3201),tensor(0.5004, dtype=torch.float64)
INFO:IP-SML,GeneticAlgorithm,1:GPOL,1,11,0.19451117515563965,1,tensor(0.1791),tensor(0.1929, dtype=torch.float64)
INFO:IP-SML,GeneticAlgorithm,1:GPOL,1,12,0.18367862701416016,1,tensor(0.1791),tensor(0.1929, dtype=torch.float64)
INFO:IP-SML,GeneticAlgorithm,1:GPOL,1,13,0.23399996757507324,1,tensor(0.1791),tensor(0.1929, dtype=torch.float64)
INFO:IP-SML,GeneticAlgorithm,1:GPOL,1,14,0.2339627742767334,1,tensor(0.1791),tensor(0.1929, dtype=torch.float64)
INFO:IP-SML,GeneticAlgorithm,1:GPOL,1,15,0.20470213890075684,1,tensor(0.1791),tensor(0.1929, dtype=torch.float64)
INFO:IP-SML,GeneticAlgorithm,1:GPOL,1,16,0.19649076461791992,1,tensor(0.1791),tensor(0.1929, dtype=torch.float64)
INFO:IP-SML,GeneticAlgorithm,1:GPOL,1,17,0.41632556915283203,1,tensor(0.1791),tensor(0.1929, dtype=torch.float64)
INFO:IP-SML,GeneticAlgorithm,1:GPOL,1,18,0.3294358253479004,1,tensor(0.1791),tensor(0.1929, dtype=torch.float64)
INFO:IP-SML,GeneticAlgorithm,1:GPOL,1,19,0.2767148017883301,1,tensor(0.1791),tensor(0.1929, dtype=torch.float64)
INFO:IP-SML,GeneticAlgorithm,1:GPOL,1,20,0.24747037887573242,1,tensor(0.1791),tensor(0.1929, dtype=torch.float64)
INFO:IP-SML,GeneticAlgorithm,1:GPOL,1,21,0.2521350383758545,1,tensor(0.1791),tensor(0.1929, dtype=torch.float64)
INFO:IP-SML,GeneticAlgorithm,1:GPOL,1,22,0.18727684020996094,1,tensor(0.1791),tensor(0.1929, dtype=torch.float64)
INFO:IP-SML,GeneticAlgorithm,1:GPOL,1,23,0.191131591796875,1,tensor(0.1791),tensor(0.1929, dtype=torch.float64)
INFO:IP-SML,GeneticAlgorithm,1:GPOL,1,24,0.18883061408996582,1,tensor(0.1791),tensor(0.1929, dtype=torch.float64)
INFO:IP-SML,GeneticAlgorithm,1:GPOL,1,25,0.1967298984527588,1,tensor(0.1791),tensor(0.1929, dtype=torch.float64)
INFO:IP-SML,GeneticAlgorithm,1:GPOL,1,0,0,3,tensor(0.3489),tensor(0.2837, dtype=torch.float64)
INFO:IP-SML,GeneticAlgorithm,1:GPOL,1,1,0.2162325382232666,1,tensor(0.2281),tensor(0.2114, dtype=torch.float64)
INFO:IP-SML,GeneticAlgorithm,1:GPOL,1,2,0.22412562370300293,13,tensor(0.3349),tensor(0.3192, dtype=torch.float64)
INFO:IP-SML,GeneticAlgorithm,1:GPOL,1,3,0.217118501663208,3,tensor(0.4989),tensor(0.4507, dtype=torch.float64)
INFO:IP-SML,GeneticAlgorithm,1:GPOL,1,4,0.23503351211547852,7,tensor(0.2477),tensor(0.2448, dtype=torch.float64)
INFO:IP-SML,GeneticAlgorithm,1:GPOL,1,5,0.24033522605895996,1,tensor(0.2415),tensor(0.2383, dtype=torch.float64)
INFO:IP-SML,GeneticAlgorithm,1:GPOL,1,6,0.20965981483459473,5,tensor(0.2123),tensor(0.1951, dtype=torch.float64)
INFO:IP-SML,GeneticAlgorithm,1:GPOL,1,7,0.2764899730682373,5,tensor(0.2123),tensor(0.1951, dtype=torch.float64)
INFO:IP-SML,GeneticAlgorithm,1:GPOL,1,8,0.2102820873260498,5,tensor(0.2123),tensor(0.1951, dtype=torch.float64)
INFO:IP-SML,GeneticAlgorithm,1:GPOL,1,9,0.2121431827545166,5,tensor(0.7163),tensor(0.6178, dtype=torch.float64)
INFO:IP-SML,GeneticAlgorithm,1:GPOL,1,10,0.3002285957336426,1,tensor(0.3114),tensor(0.2967, dtype=torch.float64)
INFO:IP-SML,GeneticAlgorithm,1:GPOL,1,11,0.3676939010620117,7,tensor(0.7067),tensor(0.6087, dtype=torch.float64)
INFO:IP-SML,GeneticAlgorithm,1:GPOL,1,12,0.21853399276733398,3,tensor(0.3059),tensor(0.3055, dtype=torch.float64)
INFO:IP-SML,GeneticAlgorithm,1:GPOL,1,13,0.1970529556274414,1,tensor(0.3114),tensor(0.2967, dtype=torch.float64)
INFO:IP-SML,GeneticAlgorithm,1:GPOL,1,14,0.20006155967712402,1,tensor(0.3114),tensor(0.2967, dtype=torch.float64)
INFO:IP-SML,GeneticAlgorithm,1:GPOL,1,15,0.19951295852661133,1,tensor(0.3114),tensor(0.2967, dtype=torch.float64)
INFO:IP-SML,GeneticAlgorithm,1:GPOL,1,16,0.3099691867828369,1,tensor(0.3114),tensor(0.2967, dtype=torch.float64)
INFO:IP-SML,GeneticAlgorithm,1:GPOL,1,17,0.30625271797180176,1,tensor(0.3114),tensor(0.2967, dtype=torch.float64)
INFO:IP-SML,GeneticAlgorithm,1:GPOL,1,18,0.19916701316833496,3,tensor(0.6129),tensor(0.5541, dtype=torch.float64)
INFO:IP-SML,GeneticAlgorithm,1:GPOL,1,19,0.19503116607666016,1,tensor(0.2415),tensor(0.2383, dtype=torch.float64)
INFO:IP-SML,GeneticAlgorithm,1:GPOL,1,20,0.2098865509033203,1,tensor(0.2415),tensor(0.2383, dtype=torch.float64)
INFO:IP-SML,GeneticAlgorithm,1:GPOL,1,21,0.23081374168395996,1,tensor(0.2415),tensor(0.2383, dtype=torch.float64)
INFO:IP-SML,GeneticAlgorithm,1:GPOL,1,22,0.199662446975708,1,tensor(0.2415),tensor(0.2383, dtype=torch.float64)
INFO:IP-SML,GeneticAlgorithm,1:GPOL,1,23,0.19962430000305176,1,tensor(0.2415),tensor(0.2383, dtype=torch.float64)
INFO:IP-SML,GeneticAlgorithm,1:GPOL,1,24,0.1837303638458252,1,tensor(0.2415),tensor(0.2383, dtype=torch.float64)
INFO:IP-SML,GeneticAlgorithm,1:GPOL,1,25,0.19693470001220703,3,tensor(0.6282),tensor(0.6166, dtype=torch.float64)
INFO:IP-SML,GeneticAlgorithm,1:GPOL,1,0,0,3,tensor(0.3431),tensor(0.3408, dtype=torch.float64)
INFO:IP-SML,GeneticAlgorithm,1:GPOL,1,1,0.31491971015930176,1,tensor(0.2097),tensor(0.2787, dtype=torch.float64)
INFO:IP-SML,GeneticAlgorithm,1:GPOL,1,2,0.33249783515930176,1,tensor(0.1885),tensor(0.1896, dtype=torch.float64)
INFO:IP-SML,GeneticAlgorithm,1:GPOL,1,3,0.31093931198120117,1,tensor(0.1885),tensor(0.1896, dtype=torch.float64)
INFO:IP-SML,GeneticAlgorithm,1:GPOL,1,4,0.31343698501586914,1,tensor(0.1885),tensor(0.1896, dtype=torch.float64)
INFO:IP-SML,GeneticAlgorithm,1:GPOL,1,5,0.3187422752380371,1,tensor(0.1885),tensor(0.1896, dtype=torch.float64)
INFO:IP-SML,GeneticAlgorithm,1:GPOL,1,6,0.3013803958892822,1,tensor(0.1471),tensor(0.2005, dtype=torch.float64)
INFO:IP-SML,GeneticAlgorithm,1:GPOL,1,7,0.2889101505279541,1,tensor(0.1471),tensor(0.2005, dtype=torch.float64)
INFO:IP-SML,GeneticAlgorithm,1:GPOL,1,8,0.3619973659515381,1,tensor(0.1471),tensor(0.2005, dtype=torch.float64)
INFO:IP-SML,GeneticAlgorithm,1:GPOL,1,9,0.2571065425872803,1,tensor(0.1471),tensor(0.2005, dtype=torch.float64)
INFO:IP-SML,GeneticAlgorithm,1:GPOL,1,10,0.29087352752685547,1,tensor(0.1471),tensor(0.2005, dtype=torch.float64)
INFO:IP-SML,GeneticAlgorithm,1:GPOL,1,11,0.29961252212524414,1,tensor(0.1471),tensor(0.2005, dtype=torch.float64)
INFO:IP-SML,GeneticAlgorithm,1:GPOL,1,12,0.2647674083709717,1,tensor(0.1471),tensor(0.2005, dtype=torch.float64)
INFO:IP-SML,GeneticAlgorithm,1:GPOL,1,13,0.2820103168487549,1,tensor(0.1471),tensor(0.2005, dtype=torch.float64)
INFO:IP-SML,GeneticAlgorithm,1:GPOL,1,14,0.266071081161499,1,tensor(0.1471),tensor(0.2005, dtype=torch.float64)
INFO:IP-SML,GeneticAlgorithm,1:GPOL,1,15,0.3317253589630127,1,tensor(0.1471),tensor(0.2005, dtype=torch.float64)
INFO:IP-SML,GeneticAlgorithm,1:GPOL,1,16,0.31703686714172363,1,tensor(0.1471),tensor(0.2005, dtype=torch.float64)
INFO:IP-SML,GeneticAlgorithm,1:GPOL,1,17,0.26133131980895996,1,tensor(0.1471),tensor(0.2005, dtype=torch.float64)
INFO:IP-SML,GeneticAlgorithm,1:GPOL,1,18,0.23196840286254883,1,tensor(0.1471),tensor(0.2005, dtype=torch.float64)
INFO:IP-SML,GeneticAlgorithm,1:GPOL,1,19,0.33446216583251953,1,tensor(0.1471),tensor(0.2005, dtype=torch.float64)
INFO:IP-SML,GeneticAlgorithm,1:GPOL,1,20,0.40220141410827637,1,tensor(0.1471),tensor(0.2005, dtype=torch.float64)
INFO:IP-SML,GeneticAlgorithm,1:GPOL,1,21,0.29405641555786133,5,tensor(0.1471),tensor(0.2005, dtype=torch.float64)
INFO:IP-SML,GeneticAlgorithm,1:GPOL,1,22,0.4915497303009033,1,tensor(0.1471),tensor(0.2005, dtype=torch.float64)
INFO:IP-SML,GeneticAlgorithm,1:GPOL,1,23,0.35796356201171875,1,tensor(0.1471),tensor(0.2005, dtype=torch.float64)
INFO:IP-SML,GeneticAlgorithm,1:GPOL,1,24,0.25163769721984863,1,tensor(0.1471),tensor(0.2005, dtype=torch.float64)
INFO:IP-SML,GeneticAlgorithm,1:GPOL,1,25,0.2375638484954834,1,tensor(0.1471),tensor(0.2005, dtype=torch.float64)
INFO:IP-SML,GeneticAlgorithm,1:GPOL,1,0,0,3,tensor(0.3511),tensor(0.2550, dtype=torch.float64)
INFO:IP-SML,GeneticAlgorithm,1:GPOL,1,1,0.2473888397216797,1,tensor(0.1590),tensor(0.1510, dtype=torch.float64)
INFO:IP-SML,GeneticAlgorithm,1:GPOL,1,2,0.21611666679382324,1,tensor(0.1590),tensor(0.1510, dtype=torch.float64)
INFO:IP-SML,GeneticAlgorithm,1:GPOL,1,3,0.2804911136627197,1,tensor(0.1590),tensor(0.1510, dtype=torch.float64)
INFO:IP-SML,GeneticAlgorithm,1:GPOL,1,4,0.2810184955596924,1,tensor(0.1590),tensor(0.1510, dtype=torch.float64)
INFO:IP-SML,GeneticAlgorithm,1:GPOL,1,5,0.25821614265441895,1,tensor(0.1590),tensor(0.1510, dtype=torch.float64)
INFO:IP-SML,GeneticAlgorithm,1:GPOL,1,6,0.24486470222473145,1,tensor(0.2827),tensor(0.2855, dtype=torch.float64)
INFO:IP-SML,GeneticAlgorithm,1:GPOL,1,7,0.23059821128845215,1,tensor(0.2827),tensor(0.2855, dtype=torch.float64)
INFO:IP-SML,GeneticAlgorithm,1:GPOL,1,8,0.24724268913269043,5,tensor(0.2552),tensor(0.2232, dtype=torch.float64)
INFO:IP-SML,GeneticAlgorithm,1:GPOL,1,9,0.2556612491607666,1,tensor(0.2269),tensor(0.2272, dtype=torch.float64)
INFO:IP-SML,GeneticAlgorithm,1:GPOL,1,10,0.2256178855895996,1,tensor(0.3556),tensor(0.3604, dtype=torch.float64)
INFO:IP-SML,GeneticAlgorithm,1:GPOL,1,11,0.23501038551330566,1,tensor(0.2269),tensor(0.2272, dtype=torch.float64)
INFO:IP-SML,GeneticAlgorithm,1:GPOL,1,12,0.29723358154296875,1,tensor(0.2269),tensor(0.2272, dtype=torch.float64)
INFO:IP-SML,GeneticAlgorithm,1:GPOL,1,13,0.22513246536254883,1,tensor(0.2269),tensor(0.2272, dtype=torch.float64)
INFO:IP-SML,GeneticAlgorithm,1:GPOL,1,14,0.22082090377807617,1,tensor(0.2269),tensor(0.2272, dtype=torch.float64)
INFO:IP-SML,GeneticAlgorithm,1:GPOL,1,15,0.3013150691986084,1,tensor(0.2269),tensor(0.2272, dtype=torch.float64)
INFO:IP-SML,GeneticAlgorithm,1:GPOL,1,16,0.20727157592773438,1,tensor(0.2269),tensor(0.2272, dtype=torch.float64)
INFO:IP-SML,GeneticAlgorithm,1:GPOL,1,17,0.24605250358581543,1,tensor(0.2269),tensor(0.2272, dtype=torch.float64)
INFO:IP-SML,GeneticAlgorithm,1:GPOL,1,18,0.3171885013580322,1,tensor(0.2122),tensor(0.1955, dtype=torch.float64)
INFO:IP-SML,GeneticAlgorithm,1:GPOL,1,19,0.22877860069274902,1,tensor(0.2122),tensor(0.1955, dtype=torch.float64)
INFO:IP-SML,GeneticAlgorithm,1:GPOL,1,20,0.31696009635925293,1,tensor(0.2122),tensor(0.1955, dtype=torch.float64)
INFO:IP-SML,GeneticAlgorithm,1:GPOL,1,21,0.22219514846801758,1,tensor(0.2122),tensor(0.1955, dtype=torch.float64)
INFO:IP-SML,GeneticAlgorithm,1:GPOL,1,22,0.2628810405731201,1,tensor(0.2122),tensor(0.1955, dtype=torch.float64)
INFO:IP-SML,GeneticAlgorithm,1:GPOL,1,23,0.2651808261871338,1,tensor(0.2122),tensor(0.1955, dtype=torch.float64)
INFO:IP-SML,GeneticAlgorithm,1:GPOL,1,24,0.25507307052612305,1,tensor(0.2122),tensor(0.1955, dtype=torch.float64)
INFO:IP-SML,GeneticAlgorithm,1:GPOL,1,25,0.2792172431945801,1,tensor(0.2122),tensor(0.1955, dtype=torch.float64)
INFO:IP-SML,GeneticAlgorithm,1:GPOL,1,0,0,3,tensor(0.3460),tensor(0.3122, dtype=torch.float64)
INFO:IP-SML,GeneticAlgorithm,1:GPOL,1,1,0.3020660877227783,1,tensor(0.2258),tensor(0.2327, dtype=torch.float64)
INFO:IP-SML,GeneticAlgorithm,1:GPOL,1,2,0.27640438079833984,1,tensor(0.2258),tensor(0.2327, dtype=torch.float64)
INFO:IP-SML,GeneticAlgorithm,1:GPOL,1,3,0.30706167221069336,1,tensor(0.2258),tensor(0.2327, dtype=torch.float64)
INFO:IP-SML,GeneticAlgorithm,1:GPOL,1,4,0.3151698112487793,1,tensor(0.2258),tensor(0.2327, dtype=torch.float64)
INFO:IP-SML,GeneticAlgorithm,1:GPOL,1,5,0.3417477607727051,1,tensor(0.2258),tensor(0.2327, dtype=torch.float64)
INFO:IP-SML,GeneticAlgorithm,1:GPOL,1,6,0.27581286430358887,1,tensor(0.2258),tensor(0.2327, dtype=torch.float64)
INFO:IP-SML,GeneticAlgorithm,1:GPOL,1,7,0.26030540466308594,1,tensor(0.1943),tensor(0.1972, dtype=torch.float64)
INFO:IP-SML,GeneticAlgorithm,1:GPOL,1,8,0.2601437568664551,1,tensor(0.1943),tensor(0.1972, dtype=torch.float64)
INFO:IP-SML,GeneticAlgorithm,1:GPOL,1,9,0.2851693630218506,1,tensor(0.2258),tensor(0.2327, dtype=torch.float64)
INFO:IP-SML,GeneticAlgorithm,1:GPOL,1,10,0.2455308437347412,1,tensor(0.2258),tensor(0.2327, dtype=torch.float64)
INFO:IP-SML,GeneticAlgorithm,1:GPOL,1,11,0.24833464622497559,1,tensor(0.2090),tensor(0.1809, dtype=torch.float64)
INFO:IP-SML,GeneticAlgorithm,1:GPOL,1,12,0.3236258029937744,1,tensor(0.1943),tensor(0.1972, dtype=torch.float64)
INFO:IP-SML,GeneticAlgorithm,1:GPOL,1,13,0.2616450786590576,1,tensor(0.1943),tensor(0.1972, dtype=torch.float64)
INFO:IP-SML,GeneticAlgorithm,1:GPOL,1,14,0.23859095573425293,1,tensor(0.1943),tensor(0.1972, dtype=torch.float64)
INFO:IP-SML,GeneticAlgorithm,1:GPOL,1,15,0.25629138946533203,1,tensor(0.1943),tensor(0.1972, dtype=torch.float64)
INFO:IP-SML,GeneticAlgorithm,1:GPOL,1,16,0.24231934547424316,1,tensor(0.1943),tensor(0.1972, dtype=torch.float64)
INFO:IP-SML,GeneticAlgorithm,1:GPOL,1,17,0.2584688663482666,1,tensor(0.1943),tensor(0.1972, dtype=torch.float64)
INFO:IP-SML,GeneticAlgorithm,1:GPOL,1,18,0.21621465682983398,1,tensor(0.1943),tensor(0.1972, dtype=torch.float64)
INFO:IP-SML,GeneticAlgorithm,1:GPOL,1,19,0.2238907814025879,1,tensor(0.1943),tensor(0.1972, dtype=torch.float64)
INFO:IP-SML,GeneticAlgorithm,1:GPOL,1,20,0.2997879981994629,1,tensor(0.1943),tensor(0.1972, dtype=torch.float64)
INFO:IP-SML,GeneticAlgorithm,1:GPOL,1,21,0.2357959747314453,1,tensor(0.1943),tensor(0.1972, dtype=torch.float64)
INFO:IP-SML,GeneticAlgorithm,1:GPOL,1,22,0.3004934787750244,1,tensor(0.1943),tensor(0.1972, dtype=torch.float64)
INFO:IP-SML,GeneticAlgorithm,1:GPOL,1,23,0.23204445838928223,1,tensor(0.1943),tensor(0.1972, dtype=torch.float64)
INFO:IP-SML,GeneticAlgorithm,1:GPOL,1,24,0.23289227485656738,3,tensor(0.1936),tensor(0.1963, dtype=torch.float64)
INFO:IP-SML,GeneticAlgorithm,1:GPOL,1,25,0.2501206398010254,3,tensor(0.1936),tensor(0.1963, dtype=torch.float64)
INFO:IP-SML,GeneticAlgorithm,1:GPOL,1,0,0,3,tensor(0.3456),tensor(0.3169, dtype=torch.float64)
INFO:IP-SML,GeneticAlgorithm,1:GPOL,1,1,0.2660222053527832,1,tensor(0.1513),tensor(0.1365, dtype=torch.float64)
INFO:IP-SML,GeneticAlgorithm,1:GPOL,1,2,0.24474287033081055,1,tensor(0.1513),tensor(0.1365, dtype=torch.float64)
INFO:IP-SML,GeneticAlgorithm,1:GPOL,1,3,0.24289894104003906,1,tensor(0.1513),tensor(0.1365, dtype=torch.float64)
INFO:IP-SML,GeneticAlgorithm,1:GPOL,1,4,0.23894119262695312,1,tensor(0.1513),tensor(0.1365, dtype=torch.float64)
INFO:IP-SML,GeneticAlgorithm,1:GPOL,1,5,0.25424861907958984,1,tensor(0.2268),tensor(0.2240, dtype=torch.float64)
INFO:IP-SML,GeneticAlgorithm,1:GPOL,1,6,0.3697245121002197,3,tensor(0.3760),tensor(0.3211, dtype=torch.float64)
INFO:IP-SML,GeneticAlgorithm,1:GPOL,1,7,0.35074448585510254,3,tensor(0.1608),tensor(0.1506, dtype=torch.float64)
INFO:IP-SML,GeneticAlgorithm,1:GPOL,1,8,0.26525211334228516,3,tensor(0.3760),tensor(0.3211, dtype=torch.float64)
INFO:IP-SML,GeneticAlgorithm,1:GPOL,1,9,0.25225281715393066,7,tensor(0.3141),tensor(0.2914, dtype=torch.float64)
INFO:IP-SML,GeneticAlgorithm,1:GPOL,1,10,0.28937649726867676,1,tensor(0.2229),tensor(0.2198, dtype=torch.float64)
INFO:IP-SML,GeneticAlgorithm,1:GPOL,1,11,0.2727060317993164,3,tensor(0.1519),tensor(0.1389, dtype=torch.float64)
INFO:IP-SML,GeneticAlgorithm,1:GPOL,1,12,0.25395822525024414,3,tensor(0.1519),tensor(0.1389, dtype=torch.float64)
INFO:IP-SML,GeneticAlgorithm,1:GPOL,1,13,0.3198390007019043,3,tensor(0.1519),tensor(0.1389, dtype=torch.float64)
INFO:IP-SML,GeneticAlgorithm,1:GPOL,1,14,0.2403099536895752,1,tensor(0.1517),tensor(0.1385, dtype=torch.float64)
INFO:IP-SML,GeneticAlgorithm,1:GPOL,1,15,0.2500152587890625,1,tensor(0.2229),tensor(0.2198, dtype=torch.float64)
INFO:IP-SML,GeneticAlgorithm,1:GPOL,1,16,0.2812826633453369,1,tensor(0.2229),tensor(0.2198, dtype=torch.float64)
INFO:IP-SML,GeneticAlgorithm,1:GPOL,1,17,0.2478647232055664,1,tensor(0.2229),tensor(0.2198, dtype=torch.float64)
INFO:IP-SML,GeneticAlgorithm,1:GPOL,1,18,0.2203073501586914,1,tensor(0.2229),tensor(0.2198, dtype=torch.float64)
INFO:IP-SML,GeneticAlgorithm,1:GPOL,1,19,0.24567699432373047,1,tensor(0.2229),tensor(0.2198, dtype=torch.float64)
INFO:IP-SML,GeneticAlgorithm,1:GPOL,1,20,0.5481524467468262,1,tensor(0.2229),tensor(0.2198, dtype=torch.float64)
INFO:IP-SML,GeneticAlgorithm,1:GPOL,1,21,0.6925864219665527,1,tensor(0.2229),tensor(0.2198, dtype=torch.float64)
INFO:IP-SML,GeneticAlgorithm,1:GPOL,1,22,0.545344352722168,1,tensor(0.2229),tensor(0.2198, dtype=torch.float64)
INFO:IP-SML,GeneticAlgorithm,1:GPOL,1,23,0.45064783096313477,1,tensor(0.2229),tensor(0.2198, dtype=torch.float64)
INFO:IP-SML,GeneticAlgorithm,1:GPOL,1,24,0.48741841316223145,1,tensor(0.2229),tensor(0.2198, dtype=torch.float64)
INFO:IP-SML,GeneticAlgorithm,1:GPOL,1,25,0.46089911460876465,1,tensor(0.2229),tensor(0.2198, dtype=torch.float64)
INFO:IP-SML,GeneticAlgorithm,1:GPOL,1,0,0,3,tensor(0.3520),tensor(0.2444, dtype=torch.float64)
INFO:IP-SML,GeneticAlgorithm,1:GPOL,1,1,0.5702831745147705,3,tensor(0.3520),tensor(0.2444, dtype=torch.float64)
INFO:IP-SML,GeneticAlgorithm,1:GPOL,1,2,0.5475437641143799,1,tensor(0.3208),tensor(0.3383, dtype=torch.float64)
INFO:IP-SML,GeneticAlgorithm,1:GPOL,1,3,0.5178546905517578,1,tensor(0.3083),tensor(0.3251, dtype=torch.float64)
INFO:IP-SML,GeneticAlgorithm,1:GPOL,1,4,0.450519323348999,1,tensor(0.1553),tensor(0.1339, dtype=torch.float64)
INFO:IP-SML,GeneticAlgorithm,1:GPOL,1,5,0.36067748069763184,5,tensor(0.6868),tensor(0.9441, dtype=torch.float64)
INFO:IP-SML,GeneticAlgorithm,1:GPOL,1,6,0.37807726860046387,1,tensor(0.1553),tensor(0.1339, dtype=torch.float64)
INFO:IP-SML,GeneticAlgorithm,1:GPOL,1,7,0.4418332576751709,1,tensor(0.4896),tensor(0.5111, dtype=torch.float64)
INFO:IP-SML,GeneticAlgorithm,1:GPOL,1,8,0.35561037063598633,3,tensor(0.3735),tensor(0.3465, dtype=torch.float64)
INFO:IP-SML,GeneticAlgorithm,1:GPOL,1,9,0.3988182544708252,5,tensor(0.6418),tensor(0.6135, dtype=torch.float64)
INFO:IP-SML,GeneticAlgorithm,1:GPOL,1,10,0.3697226047515869,1,tensor(0.4715),tensor(0.4928, dtype=torch.float64)
INFO:IP-SML,GeneticAlgorithm,1:GPOL,1,11,0.2839381694793701,1,tensor(0.4715),tensor(0.4928, dtype=torch.float64)
INFO:IP-SML,GeneticAlgorithm,1:GPOL,1,12,0.27824831008911133,1,tensor(0.4715),tensor(0.4928, dtype=torch.float64)
INFO:IP-SML,GeneticAlgorithm,1:GPOL,1,13,0.39060282707214355,1,tensor(0.2097),tensor(0.2187, dtype=torch.float64)
INFO:IP-SML,GeneticAlgorithm,1:GPOL,1,14,0.29959702491760254,1,tensor(0.4715),tensor(0.4928, dtype=torch.float64)
INFO:IP-SML,GeneticAlgorithm,1:GPOL,1,15,0.40240931510925293,1,tensor(0.4715),tensor(0.4928, dtype=torch.float64)
INFO:IP-SML,GeneticAlgorithm,1:GPOL,1,16,0.26698851585388184,1,tensor(0.4715),tensor(0.4928, dtype=torch.float64)
INFO:IP-SML,GeneticAlgorithm,1:GPOL,1,17,0.2943840026855469,1,tensor(0.4715),tensor(0.4928, dtype=torch.float64)
INFO:IP-SML,GeneticAlgorithm,1:GPOL,1,18,0.27013516426086426,5,tensor(0.6582),tensor(0.6735, dtype=torch.float64)
INFO:IP-SML,GeneticAlgorithm,1:GPOL,1,19,0.4027717113494873,5,tensor(0.6582),tensor(0.6735, dtype=torch.float64)
INFO:IP-SML,GeneticAlgorithm,1:GPOL,1,20,0.26264452934265137,7,tensor(0.5218),tensor(0.5078, dtype=torch.float64)
INFO:IP-SML,GeneticAlgorithm,1:GPOL,1,21,0.23095321655273438,1,tensor(0.7023),tensor(0.6972, dtype=torch.float64)
INFO:IP-SML,GeneticAlgorithm,1:GPOL,1,22,0.3159596920013428,1,tensor(0.7023),tensor(0.6972, dtype=torch.float64)
INFO:IP-SML,GeneticAlgorithm,1:GPOL,1,23,0.3747704029083252,1,tensor(0.2254),tensor(0.2364, dtype=torch.float64)
INFO:IP-SML,GeneticAlgorithm,1:GPOL,1,24,0.29221177101135254,1,tensor(0.2254),tensor(0.2364, dtype=torch.float64)
INFO:IP-SML,GeneticAlgorithm,1:GPOL,1,25,0.2503511905670166,1,tensor(0.2254),tensor(0.2364, dtype=torch.float64)
INFO:IP-SML,GeneticAlgorithm,1:GPOL,1,0,0,3,tensor(0.3354),tensor(0.4046, dtype=torch.float64)
INFO:IP-SML,GeneticAlgorithm,1:GPOL,1,1,0.4698939323425293,1,tensor(0.2808),tensor(0.3020, dtype=torch.float64)
INFO:IP-SML,GeneticAlgorithm,1:GPOL,1,2,0.5423228740692139,3,tensor(0.3354),tensor(0.4046, dtype=torch.float64)
INFO:IP-SML,GeneticAlgorithm,1:GPOL,1,3,0.49419522285461426,3,tensor(0.3820),tensor(0.4473, dtype=torch.float64)
INFO:IP-SML,GeneticAlgorithm,1:GPOL,1,4,0.4684898853302002,3,tensor(0.3820),tensor(0.4473, dtype=torch.float64)
INFO:IP-SML,GeneticAlgorithm,1:GPOL,1,5,0.4433410167694092,3,tensor(0.6024),tensor(0.5769, dtype=torch.float64)
INFO:IP-SML,GeneticAlgorithm,1:GPOL,1,6,0.644770622253418,3,tensor(0.6024),tensor(0.5769, dtype=torch.float64)
INFO:IP-SML,GeneticAlgorithm,1:GPOL,1,7,0.35271263122558594,7,tensor(0.1865),tensor(0.2015, dtype=torch.float64)
INFO:IP-SML,GeneticAlgorithm,1:GPOL,1,8,0.43033862113952637,1,tensor(0.3001),tensor(0.3218, dtype=torch.float64)
INFO:IP-SML,GeneticAlgorithm,1:GPOL,1,9,0.41489434242248535,1,tensor(0.3001),tensor(0.3218, dtype=torch.float64)
INFO:IP-SML,GeneticAlgorithm,1:GPOL,1,10,0.3365187644958496,1,tensor(0.3001),tensor(0.3218, dtype=torch.float64)
INFO:IP-SML,GeneticAlgorithm,1:GPOL,1,11,0.3784158229827881,1,tensor(0.3001),tensor(0.3218, dtype=torch.float64)
INFO:IP-SML,GeneticAlgorithm,1:GPOL,1,12,0.36281466484069824,1,tensor(0.3001),tensor(0.3218, dtype=torch.float64)
INFO:IP-SML,GeneticAlgorithm,1:GPOL,1,13,0.3311777114868164,1,tensor(0.3001),tensor(0.3218, dtype=torch.float64)
INFO:IP-SML,GeneticAlgorithm,1:GPOL,1,14,0.316572904586792,1,tensor(0.3001),tensor(0.3218, dtype=torch.float64)
INFO:IP-SML,GeneticAlgorithm,1:GPOL,1,15,0.3288249969482422,1,tensor(0.3001),tensor(0.3218, dtype=torch.float64)
INFO:IP-SML,GeneticAlgorithm,1:GPOL,1,16,0.3097100257873535,1,tensor(0.3001),tensor(0.3218, dtype=torch.float64)
INFO:IP-SML,GeneticAlgorithm,1:GPOL,1,17,0.3191347122192383,1,tensor(0.3001),tensor(0.3218, dtype=torch.float64)
INFO:IP-SML,GeneticAlgorithm,1:GPOL,1,18,0.4883432388305664,1,tensor(0.3001),tensor(0.3218, dtype=torch.float64)
INFO:IP-SML,GeneticAlgorithm,1:GPOL,1,19,0.2998669147491455,1,tensor(0.3001),tensor(0.3218, dtype=torch.float64)
INFO:IP-SML,GeneticAlgorithm,1:GPOL,1,20,0.3650524616241455,1,tensor(0.3001),tensor(0.3218, dtype=torch.float64)
INFO:IP-SML,GeneticAlgorithm,1:GPOL,1,21,0.275892972946167,1,tensor(0.3001),tensor(0.3218, dtype=torch.float64)
INFO:IP-SML,GeneticAlgorithm,1:GPOL,1,22,0.510962963104248,1,tensor(0.3001),tensor(0.3218, dtype=torch.float64)
INFO:IP-SML,GeneticAlgorithm,1:GPOL,1,23,0.3204765319824219,1,tensor(0.3001),tensor(0.3218, dtype=torch.float64)
INFO:IP-SML,GeneticAlgorithm,1:GPOL,1,24,0.3641042709350586,1,tensor(0.3001),tensor(0.3218, dtype=torch.float64)
INFO:IP-SML,GeneticAlgorithm,1:GPOL,1,25,0.2845304012298584,1,tensor(0.3001),tensor(0.3218, dtype=torch.float64)
INFO:IP-SML,GeneticAlgorithm,1:GPOL,1,0,0,3,tensor(0.3433),tensor(0.3391, dtype=torch.float64)
INFO:IP-SML,GeneticAlgorithm,1:GPOL,1,1,0.35553550720214844,3,tensor(0.3433),tensor(0.3391, dtype=torch.float64)
INFO:IP-SML,GeneticAlgorithm,1:GPOL,1,2,0.26938343048095703,3,tensor(0.4927),tensor(0.5835, dtype=torch.float64)
INFO:IP-SML,GeneticAlgorithm,1:GPOL,1,3,0.26873326301574707,1,tensor(0.1723),tensor(0.1922, dtype=torch.float64)
INFO:IP-SML,GeneticAlgorithm,1:GPOL,1,4,0.2647521495819092,1,tensor(0.1723),tensor(0.1922, dtype=torch.float64)
INFO:IP-SML,GeneticAlgorithm,1:GPOL,1,5,0.24926972389221191,1,tensor(0.2239),tensor(0.1922, dtype=torch.float64)
INFO:IP-SML,GeneticAlgorithm,1:GPOL,1,6,0.36443042755126953,3,tensor(0.5961),tensor(0.6343, dtype=torch.float64)
INFO:IP-SML,GeneticAlgorithm,1:GPOL,1,7,0.34194517135620117,3,tensor(0.5961),tensor(0.6343, dtype=torch.float64)
INFO:IP-SML,GeneticAlgorithm,1:GPOL,1,8,0.2529489994049072,1,tensor(0.1723),tensor(0.1922, dtype=torch.float64)
INFO:IP-SML,GeneticAlgorithm,1:GPOL,1,9,0.2379775047302246,1,tensor(0.2863),tensor(0.2500, dtype=torch.float64)
INFO:IP-SML,GeneticAlgorithm,1:GPOL,1,10,0.26186513900756836,1,tensor(0.1723),tensor(0.1922, dtype=torch.float64)
INFO:IP-SML,GeneticAlgorithm,1:GPOL,1,11,0.2687201499938965,5,tensor(0.2324),tensor(0.1998, dtype=torch.float64)
INFO:IP-SML,GeneticAlgorithm,1:GPOL,1,12,0.3368833065032959,5,tensor(0.2324),tensor(0.1998, dtype=torch.float64)
INFO:IP-SML,GeneticAlgorithm,1:GPOL,1,13,0.2965068817138672,5,tensor(0.2324),tensor(0.1998, dtype=torch.float64)
INFO:IP-SML,GeneticAlgorithm,1:GPOL,1,14,0.25156593322753906,1,tensor(0.1723),tensor(0.1922, dtype=torch.float64)
INFO:IP-SML,GeneticAlgorithm,1:GPOL,1,15,0.34072303771972656,1,tensor(0.2239),tensor(0.1922, dtype=torch.float64)
INFO:IP-SML,GeneticAlgorithm,1:GPOL,1,16,0.2928895950317383,1,tensor(0.2239),tensor(0.1922, dtype=torch.float64)
INFO:IP-SML,GeneticAlgorithm,1:GPOL,1,17,0.26071929931640625,1,tensor(0.7054),tensor(0.6686, dtype=torch.float64)
INFO:IP-SML,GeneticAlgorithm,1:GPOL,1,18,0.2857968807220459,5,tensor(0.5827),tensor(0.5253, dtype=torch.float64)
INFO:IP-SML,GeneticAlgorithm,1:GPOL,1,19,0.2626912593841553,5,tensor(0.3628),tensor(0.2968, dtype=torch.float64)
INFO:IP-SML,GeneticAlgorithm,1:GPOL,1,20,0.2805020809173584,5,tensor(0.5827),tensor(0.5253, dtype=torch.float64)
INFO:IP-SML,GeneticAlgorithm,1:GPOL,1,21,0.26511359214782715,1,tensor(0.2863),tensor(0.2500, dtype=torch.float64)
INFO:IP-SML,GeneticAlgorithm,1:GPOL,1,22,0.2944214344024658,1,tensor(0.1723),tensor(0.1922, dtype=torch.float64)
INFO:IP-SML,GeneticAlgorithm,1:GPOL,1,23,0.2864830493927002,1,tensor(0.1723),tensor(0.1922, dtype=torch.float64)
INFO:IP-SML,GeneticAlgorithm,1:GPOL,1,24,0.3637402057647705,1,tensor(0.1723),tensor(0.1922, dtype=torch.float64)
INFO:IP-SML,GeneticAlgorithm,1:GPOL,1,25,0.28531980514526367,1,tensor(0.1723),tensor(0.1922, dtype=torch.float64)
INFO:IP-SML,GeneticAlgorithm,1:GPOL,1,0,0,3,tensor(0.7887),tensor(0.6366, dtype=torch.float64)
INFO:IP-SML,GeneticAlgorithm,1:GPOL,1,1,0.06067514419555664,3,tensor(0.7887),tensor(0.6366, dtype=torch.float64)
INFO:IP-SML,GeneticAlgorithm,1:GPOL,1,2,0.07027840614318848,3,tensor(0.7887),tensor(0.6366, dtype=torch.float64)
INFO:IP-SML,GeneticAlgorithm,1:GPOL,1,3,0.07510542869567871,3,tensor(0.7887),tensor(0.6366, dtype=torch.float64)
INFO:IP-SML,GeneticAlgorithm,1:GPOL,1,4,0.0705254077911377,3,tensor(0.7887),tensor(0.6366, dtype=torch.float64)
INFO:IP-SML,GeneticAlgorithm,1:GPOL,1,5,0.07063436508178711,3,tensor(0.7887),tensor(0.6366, dtype=torch.float64)
INFO:IP-SML,GeneticAlgorithm,1:GPOL,1,6,0.061434030532836914,1,tensor(0.7101),tensor(0.6242, dtype=torch.float64)
INFO:IP-SML,GeneticAlgorithm,1:GPOL,1,7,0.07289743423461914,1,tensor(0.7101),tensor(0.6242, dtype=torch.float64)
INFO:IP-SML,GeneticAlgorithm,1:GPOL,1,8,0.07005667686462402,1,tensor(0.7101),tensor(0.6242, dtype=torch.float64)
INFO:IP-SML,GeneticAlgorithm,1:GPOL,1,9,0.07405948638916016,1,tensor(0.7101),tensor(0.6242, dtype=torch.float64)
INFO:IP-SML,GeneticAlgorithm,1:GPOL,1,10,0.06926298141479492,1,tensor(0.7101),tensor(0.6242, dtype=torch.float64)
INFO:IP-SML,GeneticAlgorithm,1:GPOL,1,11,0.08117818832397461,1,tensor(0.7101),tensor(0.6242, dtype=torch.float64)
INFO:IP-SML,GeneticAlgorithm,1:GPOL,1,12,0.07100963592529297,1,tensor(0.7101),tensor(0.6242, dtype=torch.float64)
INFO:IP-SML,GeneticAlgorithm,1:GPOL,1,13,0.0691072940826416,1,tensor(0.7101),tensor(0.6242, dtype=torch.float64)
INFO:IP-SML,GeneticAlgorithm,1:GPOL,1,14,0.07419252395629883,1,tensor(0.7101),tensor(0.6242, dtype=torch.float64)
INFO:IP-SML,GeneticAlgorithm,1:GPOL,1,15,0.07121062278747559,1,tensor(0.7101),tensor(0.6242, dtype=torch.float64)
INFO:IP-SML,GeneticAlgorithm,1:GPOL,1,16,0.08116984367370605,1,tensor(0.7101),tensor(0.6242, dtype=torch.float64)
INFO:IP-SML,GeneticAlgorithm,1:GPOL,1,17,0.06992244720458984,1,tensor(0.7101),tensor(0.6242, dtype=torch.float64)
INFO:IP-SML,GeneticAlgorithm,1:GPOL,1,18,0.07504653930664062,1,tensor(0.7101),tensor(0.6242, dtype=torch.float64)
INFO:IP-SML,GeneticAlgorithm,1:GPOL,1,19,0.06710147857666016,1,tensor(0.7101),tensor(0.6242, dtype=torch.float64)
INFO:IP-SML,GeneticAlgorithm,1:GPOL,1,20,0.06835508346557617,1,tensor(0.7101),tensor(0.6242, dtype=torch.float64)
INFO:IP-SML,GeneticAlgorithm,1:GPOL,1,21,0.0565798282623291,1,tensor(0.7101),tensor(0.6242, dtype=torch.float64)
INFO:IP-SML,GeneticAlgorithm,1:GPOL,1,22,0.06672525405883789,1,tensor(0.7101),tensor(0.6242, dtype=torch.float64)
INFO:IP-SML,GeneticAlgorithm,1:GPOL,1,23,0.05744600296020508,1,tensor(0.7101),tensor(0.6242, dtype=torch.float64)
INFO:IP-SML,GeneticAlgorithm,1:GPOL,1,24,0.057657480239868164,1,tensor(0.7101),tensor(0.6242, dtype=torch.float64)
INFO:IP-SML,GeneticAlgorithm,1:GPOL,1,25,0.06275701522827148,1,tensor(0.7101),tensor(0.6242, dtype=torch.float64)
INFO:IP-SML,GeneticAlgorithm,1:GPOL,1,26,0.05627012252807617,1,tensor(0.7101),tensor(0.6242, dtype=torch.float64)
INFO:IP-SML,GeneticAlgorithm,1:GPOL,1,27,0.06679987907409668,1,tensor(0.7101),tensor(0.6242, dtype=torch.float64)
INFO:IP-SML,GeneticAlgorithm,1:GPOL,1,28,0.06634187698364258,1,tensor(0.7101),tensor(0.6242, dtype=torch.float64)
INFO:IP-SML,GeneticAlgorithm,1:GPOL,1,29,0.06652545928955078,1,tensor(0.7101),tensor(0.6242, dtype=torch.float64)
INFO:IP-SML,GeneticAlgorithm,1:GPOL,1,30,0.11636781692504883,1,tensor(0.7101),tensor(0.6242, dtype=torch.float64)
INFO:IP-SML,GeneticAlgorithm,1:GPOL,1,31,0.16521334648132324,1,tensor(0.7101),tensor(0.6242, dtype=torch.float64)
INFO:IP-SML,GeneticAlgorithm,1:GPOL,1,32,0.08403277397155762,1,tensor(0.7101),tensor(0.6242, dtype=torch.float64)
INFO:IP-SML,GeneticAlgorithm,1:GPOL,1,33,0.08156204223632812,1,tensor(0.7101),tensor(0.6242, dtype=torch.float64)
INFO:IP-SML,GeneticAlgorithm,1:GPOL,1,34,0.07794380187988281,1,tensor(0.7101),tensor(0.6242, dtype=torch.float64)
INFO:IP-SML,GeneticAlgorithm,1:GPOL,1,35,0.06941390037536621,1,tensor(0.7101),tensor(0.6242, dtype=torch.float64)
INFO:IP-SML,GeneticAlgorithm,1:GPOL,1,36,0.07975625991821289,1,tensor(0.7101),tensor(0.6242, dtype=torch.float64)
INFO:IP-SML,GeneticAlgorithm,1:GPOL,1,37,0.06777000427246094,1,tensor(0.7101),tensor(0.6242, dtype=torch.float64)
INFO:IP-SML,GeneticAlgorithm,1:GPOL,1,38,0.06688833236694336,1,tensor(0.7101),tensor(0.6242, dtype=torch.float64)
INFO:IP-SML,GeneticAlgorithm,1:GPOL,1,39,0.06766462326049805,1,tensor(0.7101),tensor(0.6242, dtype=torch.float64)
INFO:IP-SML,GeneticAlgorithm,1:GPOL,1,40,0.06801176071166992,1,tensor(0.7101),tensor(0.6242, dtype=torch.float64)
INFO:IP-SML,GeneticAlgorithm,1:GPOL,1,41,0.0663912296295166,1,tensor(0.7101),tensor(0.6242, dtype=torch.float64)
INFO:IP-SML,GeneticAlgorithm,1:GPOL,1,42,0.10197043418884277,1,tensor(0.7101),tensor(0.6242, dtype=torch.float64)
INFO:IP-SML,GeneticAlgorithm,1:GPOL,1,43,0.10178518295288086,1,tensor(0.7101),tensor(0.6242, dtype=torch.float64)
INFO:IP-SML,GeneticAlgorithm,1:GPOL,1,44,0.1123344898223877,1,tensor(0.7101),tensor(0.6242, dtype=torch.float64)
INFO:IP-SML,GeneticAlgorithm,1:GPOL,1,45,0.10558915138244629,1,tensor(0.7101),tensor(0.6242, dtype=torch.float64)
INFO:IP-SML,GeneticAlgorithm,1:GPOL,1,46,0.12927675247192383,1,tensor(0.7101),tensor(0.6242, dtype=torch.float64)
INFO:IP-SML,GeneticAlgorithm,1:GPOL,1,47,0.12332820892333984,1,tensor(0.7101),tensor(0.6242, dtype=torch.float64)
INFO:IP-SML,GeneticAlgorithm,1:GPOL,1,48,0.1348114013671875,1,tensor(0.7101),tensor(0.6242, dtype=torch.float64)
INFO:IP-SML,GeneticAlgorithm,1:GPOL,1,49,0.12112116813659668,1,tensor(0.7101),tensor(0.6242, dtype=torch.float64)
INFO:IP-SML,GeneticAlgorithm,1:GPOL,1,50,0.12221384048461914,1,tensor(0.7101),tensor(0.6242, dtype=torch.float64)
INFO:IP-SML,GeneticAlgorithm,1:GPOL,1,51,0.16475558280944824,1,tensor(0.7101),tensor(0.6242, dtype=torch.float64)
INFO:IP-SML,GeneticAlgorithm,1:GPOL,1,52,0.11397075653076172,1,tensor(0.7101),tensor(0.6242, dtype=torch.float64)
INFO:IP-SML,GeneticAlgorithm,1:GPOL,1,53,0.12615609169006348,1,tensor(0.7101),tensor(0.6242, dtype=torch.float64)
INFO:IP-SML,GeneticAlgorithm,1:GPOL,1,54,0.13169574737548828,1,tensor(0.7101),tensor(0.6242, dtype=torch.float64)
INFO:IP-SML,GeneticAlgorithm,1:GPOL,1,55,0.14308595657348633,1,tensor(0.7101),tensor(0.6242, dtype=torch.float64)
INFO:IP-SML,GeneticAlgorithm,1:GPOL,1,56,0.13348841667175293,1,tensor(0.7101),tensor(0.6242, dtype=torch.float64)
INFO:IP-SML,GeneticAlgorithm,1:GPOL,1,57,0.12950444221496582,1,tensor(0.7101),tensor(0.6242, dtype=torch.float64)
INFO:IP-SML,GeneticAlgorithm,1:GPOL,1,58,0.13606762886047363,1,tensor(0.7101),tensor(0.6242, dtype=torch.float64)
INFO:IP-SML,GeneticAlgorithm,1:GPOL,1,59,0.12471413612365723,1,tensor(0.7101),tensor(0.6242, dtype=torch.float64)
INFO:IP-SML,GeneticAlgorithm,1:GPOL,1,60,0.13263463973999023,1,tensor(0.7101),tensor(0.6242, dtype=torch.float64)
INFO:IP-SML,GeneticAlgorithm,1:GPOL,1,61,0.11342954635620117,1,tensor(0.7101),tensor(0.6242, dtype=torch.float64)
INFO:IP-SML,GeneticAlgorithm,1:GPOL,1,62,0.14666509628295898,1,tensor(0.7101),tensor(0.6242, dtype=torch.float64)
INFO:IP-SML,GeneticAlgorithm,1:GPOL,1,63,0.13332080841064453,1,tensor(0.7101),tensor(0.6242, dtype=torch.float64)
INFO:IP-SML,GeneticAlgorithm,1:GPOL,1,64,0.1219944953918457,1,tensor(0.7101),tensor(0.6242, dtype=torch.float64)
INFO:IP-SML,GeneticAlgorithm,1:GPOL,1,65,0.0966806411743164,1,tensor(0.7101),tensor(0.6242, dtype=torch.float64)
INFO:IP-SML,GeneticAlgorithm,1:GPOL,1,66,0.09125328063964844,1,tensor(0.7101),tensor(0.6242, dtype=torch.float64)
INFO:IP-SML,GeneticAlgorithm,1:GPOL,1,67,0.10058116912841797,1,tensor(0.7101),tensor(0.6242, dtype=torch.float64)
INFO:IP-SML,GeneticAlgorithm,1:GPOL,1,68,0.16185712814331055,1,tensor(0.7101),tensor(0.6242, dtype=torch.float64)
INFO:IP-SML,GeneticAlgorithm,1:GPOL,1,69,0.11153817176818848,1,tensor(0.7101),tensor(0.6242, dtype=torch.float64)
INFO:IP-SML,GeneticAlgorithm,1:GPOL,1,70,0.07937073707580566,1,tensor(0.7101),tensor(0.6242, dtype=torch.float64)
INFO:IP-SML,GeneticAlgorithm,1:GPOL,1,71,0.09536957740783691,1,tensor(0.7101),tensor(0.6242, dtype=torch.float64)
INFO:IP-SML,GeneticAlgorithm,1:GPOL,1,72,0.10048389434814453,1,tensor(0.7101),tensor(0.6242, dtype=torch.float64)
INFO:IP-SML,GeneticAlgorithm,1:GPOL,1,73,0.07881331443786621,1,tensor(0.7101),tensor(0.6242, dtype=torch.float64)
INFO:IP-SML,GeneticAlgorithm,1:GPOL,1,74,0.09957408905029297,1,tensor(0.7101),tensor(0.6242, dtype=torch.float64)
INFO:IP-SML,GeneticAlgorithm,1:GPOL,1,75,0.07247567176818848,1,tensor(0.7101),tensor(0.6242, dtype=torch.float64)
INFO:IP-SML,GeneticAlgorithm,1:GPOL,1,76,0.08361458778381348,1,tensor(0.7101),tensor(0.6242, dtype=torch.float64)
INFO:IP-SML,GeneticAlgorithm,1:GPOL,1,77,0.08925724029541016,1,tensor(0.7101),tensor(0.6242, dtype=torch.float64)
INFO:IP-SML,GeneticAlgorithm,1:GPOL,1,78,0.11591863632202148,1,tensor(0.7101),tensor(0.6242, dtype=torch.float64)
INFO:IP-SML,GeneticAlgorithm,1:GPOL,1,79,0.08616280555725098,1,tensor(0.7101),tensor(0.6242, dtype=torch.float64)
INFO:IP-SML,GeneticAlgorithm,1:GPOL,1,80,0.09398484230041504,1,tensor(0.7101),tensor(0.6242, dtype=torch.float64)
INFO:IP-SML,GeneticAlgorithm,1:GPOL,1,81,0.08205008506774902,1,tensor(0.7101),tensor(0.6242, dtype=torch.float64)
INFO:IP-SML,GeneticAlgorithm,1:GPOL,1,82,0.08160233497619629,1,tensor(0.7101),tensor(0.6242, dtype=torch.float64)
INFO:IP-SML,GeneticAlgorithm,1:GPOL,1,83,0.07609438896179199,1,tensor(0.7101),tensor(0.6242, dtype=torch.float64)
INFO:IP-SML,GeneticAlgorithm,1:GPOL,1,84,0.09786701202392578,1,tensor(0.7101),tensor(0.6242, dtype=torch.float64)
INFO:IP-SML,GeneticAlgorithm,1:GPOL,1,85,0.08102917671203613,1,tensor(0.7101),tensor(0.6242, dtype=torch.float64)
INFO:IP-SML,GeneticAlgorithm,1:GPOL,1,86,0.0811147689819336,1,tensor(0.7101),tensor(0.6242, dtype=torch.float64)
INFO:IP-SML,GeneticAlgorithm,1:GPOL,1,87,0.10898518562316895,1,tensor(0.7101),tensor(0.6242, dtype=torch.float64)
INFO:IP-SML,GeneticAlgorithm,1:GPOL,1,88,0.07855486869812012,1,tensor(0.7101),tensor(0.6242, dtype=torch.float64)
INFO:IP-SML,GeneticAlgorithm,1:GPOL,1,89,0.07785844802856445,1,tensor(0.7101),tensor(0.6242, dtype=torch.float64)
INFO:IP-SML,GeneticAlgorithm,1:GPOL,1,90,0.09875941276550293,1,tensor(0.7101),tensor(0.6242, dtype=torch.float64)
INFO:IP-SML,GeneticAlgorithm,1:GPOL,1,91,0.0803372859954834,1,tensor(0.7101),tensor(0.6242, dtype=torch.float64)
INFO:IP-SML,GeneticAlgorithm,1:GPOL,1,92,0.08211565017700195,1,tensor(0.7101),tensor(0.6242, dtype=torch.float64)
INFO:IP-SML,GeneticAlgorithm,1:GPOL,1,93,0.07497620582580566,1,tensor(0.7101),tensor(0.6242, dtype=torch.float64)
INFO:IP-SML,GeneticAlgorithm,1:GPOL,1,94,0.10166311264038086,1,tensor(0.7101),tensor(0.6242, dtype=torch.float64)
INFO:IP-SML,GeneticAlgorithm,1:GPOL,1,95,0.07958507537841797,1,tensor(0.7101),tensor(0.6242, dtype=torch.float64)
INFO:IP-SML,GeneticAlgorithm,1:GPOL,1,96,0.08359837532043457,1,tensor(0.7101),tensor(0.6242, dtype=torch.float64)
INFO:IP-SML,GeneticAlgorithm,1:GPOL,1,97,0.11430168151855469,1,tensor(0.7101),tensor(0.6242, dtype=torch.float64)
INFO:IP-SML,GeneticAlgorithm,1:GPOL,1,98,0.08357739448547363,1,tensor(0.7101),tensor(0.6242, dtype=torch.float64)
INFO:IP-SML,GeneticAlgorithm,1:GPOL,1,99,0.07939267158508301,1,tensor(0.7101),tensor(0.6242, dtype=torch.float64)
INFO:IP-SML,GeneticAlgorithm,1:GPOL,1,100,0.07610583305358887,1,tensor(0.7101),tensor(0.6242, dtype=torch.float64)
INFO:IP-SML,GeneticAlgorithm,1:GPOL,1,0,0,3,tensor(0.7548),tensor(0.9315, dtype=torch.float64)
INFO:IP-SML,GeneticAlgorithm,1:GPOL,1,1,0.09539484977722168,3,tensor(0.7548),tensor(0.9315, dtype=torch.float64)
INFO:IP-SML,GeneticAlgorithm,1:GPOL,1,2,0.11999392509460449,3,tensor(0.7548),tensor(0.9315, dtype=torch.float64)
INFO:IP-SML,GeneticAlgorithm,1:GPOL,1,3,0.09994006156921387,3,tensor(0.7548),tensor(0.9315, dtype=torch.float64)
INFO:IP-SML,GeneticAlgorithm,1:GPOL,1,4,0.11488604545593262,3,tensor(0.5726),tensor(0.7190, dtype=torch.float64)
INFO:IP-SML,GeneticAlgorithm,1:GPOL,1,5,0.10155892372131348,3,tensor(0.5726),tensor(0.7190, dtype=torch.float64)
INFO:IP-SML,GeneticAlgorithm,1:GPOL,1,6,0.09557747840881348,3,tensor(0.5726),tensor(0.7190, dtype=torch.float64)
INFO:IP-SML,GeneticAlgorithm,1:GPOL,1,7,0.12399482727050781,3,tensor(0.5726),tensor(0.7190, dtype=torch.float64)
INFO:IP-SML,GeneticAlgorithm,1:GPOL,1,8,0.08793067932128906,3,tensor(0.5726),tensor(0.7190, dtype=torch.float64)
INFO:IP-SML,GeneticAlgorithm,1:GPOL,1,9,0.09301280975341797,3,tensor(0.5726),tensor(0.7190, dtype=torch.float64)
INFO:IP-SML,GeneticAlgorithm,1:GPOL,1,10,0.0949244499206543,3,tensor(0.5726),tensor(0.7190, dtype=torch.float64)
INFO:IP-SML,GeneticAlgorithm,1:GPOL,1,11,0.0834808349609375,3,tensor(0.5726),tensor(0.7190, dtype=torch.float64)
INFO:IP-SML,GeneticAlgorithm,1:GPOL,1,12,0.09339380264282227,3,tensor(0.5726),tensor(0.7190, dtype=torch.float64)
INFO:IP-SML,GeneticAlgorithm,1:GPOL,1,13,0.09312915802001953,3,tensor(0.5726),tensor(0.7190, dtype=torch.float64)
INFO:IP-SML,GeneticAlgorithm,1:GPOL,1,14,0.08389139175415039,3,tensor(0.5726),tensor(0.7190, dtype=torch.float64)
INFO:IP-SML,GeneticAlgorithm,1:GPOL,1,15,0.0805048942565918,3,tensor(0.5726),tensor(0.7190, dtype=torch.float64)
INFO:IP-SML,GeneticAlgorithm,1:GPOL,1,16,0.0823366641998291,3,tensor(0.5726),tensor(0.7190, dtype=torch.float64)
INFO:IP-SML,GeneticAlgorithm,1:GPOL,1,17,0.11398649215698242,3,tensor(0.5726),tensor(0.7190, dtype=torch.float64)
INFO:IP-SML,GeneticAlgorithm,1:GPOL,1,18,0.0830070972442627,3,tensor(0.5726),tensor(0.7190, dtype=torch.float64)
INFO:IP-SML,GeneticAlgorithm,1:GPOL,1,19,0.08904027938842773,3,tensor(0.5726),tensor(0.7190, dtype=torch.float64)
INFO:IP-SML,GeneticAlgorithm,1:GPOL,1,20,0.11493134498596191,3,tensor(0.5726),tensor(0.7190, dtype=torch.float64)
INFO:IP-SML,GeneticAlgorithm,1:GPOL,1,21,0.08312368392944336,3,tensor(0.5726),tensor(0.7190, dtype=torch.float64)
INFO:IP-SML,GeneticAlgorithm,1:GPOL,1,22,0.1051323413848877,3,tensor(0.5726),tensor(0.7190, dtype=torch.float64)
INFO:IP-SML,GeneticAlgorithm,1:GPOL,1,23,0.09780383110046387,3,tensor(0.5726),tensor(0.7190, dtype=torch.float64)
INFO:IP-SML,GeneticAlgorithm,1:GPOL,1,24,0.08365678787231445,3,tensor(0.5726),tensor(0.7190, dtype=torch.float64)
INFO:IP-SML,GeneticAlgorithm,1:GPOL,1,25,0.09337711334228516,3,tensor(0.5726),tensor(0.7190, dtype=torch.float64)
INFO:IP-SML,GeneticAlgorithm,1:GPOL,1,26,0.1052863597869873,3,tensor(0.5726),tensor(0.7190, dtype=torch.float64)
INFO:IP-SML,GeneticAlgorithm,1:GPOL,1,27,0.09463620185852051,3,tensor(0.5726),tensor(0.7190, dtype=torch.float64)
INFO:IP-SML,GeneticAlgorithm,1:GPOL,1,28,0.11169695854187012,3,tensor(0.5726),tensor(0.7190, dtype=torch.float64)
INFO:IP-SML,GeneticAlgorithm,1:GPOL,1,29,0.08608794212341309,3,tensor(0.5726),tensor(0.7190, dtype=torch.float64)
INFO:IP-SML,GeneticAlgorithm,1:GPOL,1,30,0.09279298782348633,3,tensor(0.5726),tensor(0.7190, dtype=torch.float64)
INFO:IP-SML,GeneticAlgorithm,1:GPOL,1,31,0.09105372428894043,3,tensor(0.5726),tensor(0.7190, dtype=torch.float64)
INFO:IP-SML,GeneticAlgorithm,1:GPOL,1,32,0.08330035209655762,3,tensor(0.5726),tensor(0.7190, dtype=torch.float64)
INFO:IP-SML,GeneticAlgorithm,1:GPOL,1,33,0.10440921783447266,3,tensor(0.5726),tensor(0.7190, dtype=torch.float64)
INFO:IP-SML,GeneticAlgorithm,1:GPOL,1,34,0.10524654388427734,3,tensor(0.5726),tensor(0.7190, dtype=torch.float64)
INFO:IP-SML,GeneticAlgorithm,1:GPOL,1,35,0.13562297821044922,3,tensor(0.5726),tensor(0.7190, dtype=torch.float64)
INFO:IP-SML,GeneticAlgorithm,1:GPOL,1,36,0.12325358390808105,3,tensor(0.5726),tensor(0.7190, dtype=torch.float64)
INFO:IP-SML,GeneticAlgorithm,1:GPOL,1,37,0.12314581871032715,3,tensor(0.5726),tensor(0.7190, dtype=torch.float64)
INFO:IP-SML,GeneticAlgorithm,1:GPOL,1,38,0.0954592227935791,3,tensor(0.5726),tensor(0.7190, dtype=torch.float64)
INFO:IP-SML,GeneticAlgorithm,1:GPOL,1,39,0.0950629711151123,3,tensor(0.5726),tensor(0.7190, dtype=torch.float64)
INFO:IP-SML,GeneticAlgorithm,1:GPOL,1,40,0.11895966529846191,3,tensor(0.5726),tensor(0.7190, dtype=torch.float64)
INFO:IP-SML,GeneticAlgorithm,1:GPOL,1,41,0.08661270141601562,3,tensor(0.5726),tensor(0.7190, dtype=torch.float64)
INFO:IP-SML,GeneticAlgorithm,1:GPOL,1,42,0.09395956993103027,3,tensor(0.5726),tensor(0.7190, dtype=torch.float64)
INFO:IP-SML,GeneticAlgorithm,1:GPOL,1,43,0.11653590202331543,3,tensor(0.5726),tensor(0.7190, dtype=torch.float64)
INFO:IP-SML,GeneticAlgorithm,1:GPOL,1,44,0.10974764823913574,3,tensor(0.5726),tensor(0.7190, dtype=torch.float64)
